<?xml version="1.0" encoding="UTF-8"?>
<model package="collections" baseClass="xPDOObject" platform="mysql" defaultEngine="MyISAM" phpdoc-package="collections">
    <object class="CollectionContainer" extends="modResource">
        <composite alias="Setting" class="CollectionSetting" local="id" foreign="collection" cardinality="one" owner="local" />
    </object>

    <object class="SelectionContainer" extends="CollectionContainer">
        <composite alias="Selection" class="CollectionSelection" local="id" foreign="collection" cardinality="many" owner="local" />
    </object>

    <object class="CollectionSetting" table="collection_settings" extends="xPDOSimpleObject">
        <field key="collection" dbtype="int" attributes="unsigned" precision="10" phptype="integer" null="false" index="unique" />
        <field key="template" dbtype="int" attributes="unsigned" precision="10" phptype="integer" null="false" default="0" />

        <aggregate alias="Collection" class="CollectionContainer" local="collection" foreign="id" cardinality="one" owner="foreign" />
        <aggregate alias="Template" class="CollectionTemplate" local="template" foreign="id" cardinality="one" owner="local" />
    </object>

    <object class="CollectionTemplate" table="collection_templates" extends="xPDOSimpleObject">
        <field key="name" dbtype="varchar" precision="50" phptype="string" null="false" index="unique" />
        <field key="description" dbtype="varchar" precision="255" phptype="string" null="false" default="" />
        <field key="global_template" dbtype="int" precision="1" phptype="boolean" null="false" default="0" />

        <field key="bulk_actions" dbtype="int" precision="1" phptype="boolean" null="false" default="0" />
        <field key="allow_dd" dbtype="int" precision="1" phptype="boolean" null="false" default="1" />
        <field key="page_size" dbtype="int" precision="10" phptype="integer" null="false" default="20" />
        <field key="sort_field" dbtype="varchar" precision="100" phptype="string" null="false" default="id" />
        <field key="sort_dir" dbtype="varchar" precision="4" phptype="string" null="false" default="asc" />
        <field key="sort_type" dbtype="varchar" precision="64" phptype="string" null="true" />
        <field key="child_template" dbtype="int" attributes="unsigned" precision="10" phptype="integer" null="true" />
        <field key="child_resource_type" dbtype="varchar" precision="100" phptype="string" null="false" default="modDocument" />
        <field key="resource_type_selection" dbtype="int" precision="1" phptype="boolean" null="false" default="1" />
        <field key="tab_label" dbtype="varchar" precision="255" phptype="string" null="false" default="collections.children" />
        <field key="button_label" dbtype="varchar" precision="255" phptype="string" null="false" default="collections.children.create" />
        <field key="content_place" dbtype="varchar" precision="255" phptype="string" null="false" default="original" />
        <field key="view_for" dbtype="int" precision="1" phptype="integer" attributes="unsigned" null="false" default="0" />
        <field key="link_label" dbtype="varchar" precision="255" phptype="string" null="false" default="selections.create" />
        <field key="context_menu" dbtype="varchar" precision="512" phptype="string" null="false" default="view,edit,duplicate,publish,unpublish,-,delete,undelete,remove,-,unlink" />
        <field key="buttons" dbtype="varchar" precision="512" phptype="string" null="false" default="view,edit,duplicate,publish:orange,unpublish,delete,undelete,remove,unlink" />
        <field key="allowed_resource_types" dbtype="varchar" precision="512" phptype="string" null="false" default="" />
        <field key="back_to_collection_label" dbtype="varchar" precision="255" phptype="string" null="false" default="collections.children.back_to_collection_label" />
        <field key="back_to_selection_label" dbtype="varchar" precision="255" phptype="string" null="false" default="selections.back_to_selection_label" />
        <field key="selection_create_sort" dbtype="varchar" precision="255" phptype="string" null="false" default="id:desc" />
        <field key="child_hide_from_menu" dbtype="int" precision="1" phptype="boolean" null="true" />
        <field key="child_published" dbtype="int" precision="1" phptype="boolean" null="true" />
        <field key="child_cacheable" dbtype="int" precision="1" phptype="boolean" null="true" />
        <field key="child_searchable" dbtype="int" precision="1" phptype="boolean" null="true" />
        <field key="child_richtext" dbtype="int" precision="1" phptype="boolean" null="true" />
        <field key="child_content_type" dbtype="int" precision="10" phptype="integer" null="false" default="0" />
        <field key="parent" dbtype="varchar" precision="100" phptype="string" null="false" default="" />        
        <field key="child_content_disposition" dbtype="int" precision="1" phptype="integer" null="true" />
        <field key="permanent_sort_before" dbtype="varchar" precision="255" phptype="string" null="false" default="" />
        <field key="permanent_sort_after" dbtype="varchar" precision="255" phptype="string" null="false" default="" />
        <field key="selection_link_condition" dbtype="text" phptype="string" null="false" />

        <aggregate alias="Setting" class="CollectionSetting" local="id" foreign="template" cardinality="one" owner="local" />
        <composite alias="Columns" class="CollectionTemplateColumn" local="id" foreign="template" cardinality="many" owner="local" />
        <composite alias="ResourceTemplates" class="CollectionResourceTemplate" local="id" foreign="collection_template" cardinality="one" owner="local" />
    </object>

    <object class="CollectionTemplateColumn" table="collection_template_columns" extends="xPDOSimpleObject">
        <field key="template" dbtype="int" attributes="unsigned" precision="10" phptype="integer" null="false" />
        <field key="label" dbtype="varchar" precision="50" phptype="string" null="false" />
        <field key="name" dbtype="varchar" precision="50" phptype="string" null="false" />
        <field key="hidden" dbtype="tinyint" attributes="unsigned" precision="1" phptype="boolean" null="false" default="0" />
        <field key="sortable" dbtype="tinyint" attributes="unsigned" precision="1" phptype="boolean" null="false" default="0" />
        <field key="width" dbtype="int" attributes="unsigned" precision="10" phptype="integer" null="false" default="100" />
        <field key="editor" dbtype="varchar" precision="255" phptype="string" null="false" default="" />
        <field key="renderer" dbtype="varchar" precision="255" phptype="string" null="false" default="" />
        <field key="php_renderer" dbtype="varchar" precision="255" phptype="string" null="false" default="" />
        <field key="position" dbtype="int" attributes="unsigned" precision="10" phptype="integer" null="false" default="0" />
        <field key="sort_type" dbtype="varchar" precision="64" phptype="string" null="true" />
        
        <aggregate alias="Template" class="CollectionTemplate" local="template" foreign="id" cardinality="one" owner="foreign" />
    </object>

    <object class="CollectionResourceTemplate" table="collection_resource_template" extends="xPDOObject">
        <field key="collection_template" dbtype="int" attributes="unsigned" precision="10" phptype="integer" null="false" index="pk" />
        <field key="resource_template" dbtype="int" attributes="unsigned" precision="10" phptype="integer" null="false" index="pk" />

        <index alias="PRIMARY" name="PRIMARY" primary="true" unique="true" type="BTREE">
            <column key="collection_template" length="" collation="A" null="false" />
            <column key="resource_template" length="" collation="A" null="false" />
        </index>

        <aggregate alias="CollectionTemplate" class="CollectionTemplate" local="collection_template" foreign="id" cardinality="one" owner="foreign" />
        <aggregate alias="ResourceTemplate" class="modTemplate" local="resource_template" foreign="id" cardinality="one" owner="foreign" />
    </object>

    <object class="CollectionSelection" table="collection_selections" extends="xPDOObject">
        <field key="collection" dbtype="int" attributes="unsigned" precision="10" phptype="integer" null="false" index="pk" />
        <field key="resource" dbtype="int" attributes="unsigned" precision="10" phptype="integer" null="false" index="pk" />
        <field key="menuindex" dbtype="int" attributes="unsigned" precision="10" phptype="integer" null="false" default="0" />

        <index alias="PRIMARY" name="PRIMARY" primary="true" unique="true" type="BTREE">
            <column key="collection" length="" collation="A" null="false" />
            <column key="resource" length="" collation="A" null="false" />
        </index>

        <aggregate alias="Collection" class="CollectionContainer" local="collection" foreign="id" cardinality="one" owner="foreign" />
        <aggregate alias="CollectionSetting" class="CollectionSetting" local="collection" foreign="id" cardinality="one" owner="foreign" />
        <aggregate alias="Resource" class="modResource" local="resource" foreign="id" cardinality="one" owner="foreign" />
    </object>

</model>
