<?xml version="1.0" encoding="UTF-8"?>
<model package="collections" baseClass="xPDOObject" platform="mysql" defaultEngine="MyISAM" phpdoc-package="collections">
    <object class="CollectionContainer" extends="modResource">
        <composite alias="Setting" class="CollectionSetting" local="id" foreign="collection" cardinality="one" owner="local" />
    </object>

    <object class="CollectionSetting" table="collection_settings" extends="xPDOSimpleObject">
        <field key="collection" dbtype="int" attributes="unsigned" precision="10" phptype="integer" null="false" index="unique" />
        <field key="template" dbtype="int" attributes="unsigned" precision="10" phptype="integer" null="false" default="0" />

        <aggregate alias="Collection" class="CollectionContainer" local="collection" foreign="id" cardinality="one" owner="foreign" />
        <aggregate alias="Template" class="CollectionTemplate" local="template" foreign="id" cardinality="one" owner="local" />
    </object>

    <object class="CollectionTemplate" table="collection_templates" extends="xPDOSimpleObject">
        <field key="name" dbtype="varchar" precision="50" phptype="string" null="false" index="unique" />
        <field key="description" dbtype="varchar" precision="255" phptype="string" null="false" default="" />

        <aggregate alias="Setting" class="CollectionSetting" local="id" foreign="template" cardinality="one" owner="local" />
        <composite alias="Columns" class="CollectionTemplateColumn" local="id" foreign="template" cardinality="many" owner="local" />
    </object>

    <object class="CollectionTemplateColumn" table="collection_template_columns" extends="xPDOSimpleObject">
        <field key="template" dbtype="int" attributes="unsigned" precision="10" phptype="integer" null="false" />
        <field key="name" dbtype="varchar" precision="50" phptype="string" null="false" />
        <field key="hidden" dbtype="tinyint" attributes="unsigned" precision="1" phptype="boolean" null="false" default="0" />

        <aggregate alias="Template" class="CollectionTemplate" local="template" foreign="id" cardinality="one" owner="foreign" />
    </object>

</model>
